{
  "original": {
    "feature_names": [
      "SeniorCitizen",
      "tenure",
      "InternetService_enc",
      "Contract_enc",
      "Pay_Credit card",
      "Pay_Electronic check",
      "Pay_Mailed check"
    ],
    "feature_description": "SeniorCitizen + tenure + InternetService_enc + Contract_enc + PaymentMethod 3 dummies",
    "means": [
      0.16444351813255523,
      33.166736140058354,
      1.2378074197582325,
      0.704668611921634,
      0.22134222592746977,
      0.3311796581909129,
      0.21988328470195914
    ],
    "scales": [
      0.37067755189213064,
      24.323059332994525,
      0.7706665929639092,
      0.8359018192442154,
      0.4151503883521521,
      0.4706375380178073,
      0.41416738863729513
    ],
    "coef": [
      0.15805723528881882,
      -0.7118708104997427,
      0.7366773996124829,
      -0.6106861663197206,
      -0.018280213375845993,
      0.22708929029305186,
      -0.016817517958614327
    ],
    "intercept": -0.5554357518517902,
    "thresholds": {
      "low": 0.0,
      "low_mid": 0.35000000000000003,
      "high_mid": 0.6000000000000001,
      "high": 0.7000000000000001
    },
    "metrics": {
      "auc": 0.8438308141812086,
      "accuracy": 0.6577540106951871,
      "precision": 0.43018213356461404,
      "recall": 0.9134438305709024,
      "f1": 0.5849056603773585,
      "tpr": 0.9134438305709024,
      "fpr": 0.43394980184940557,
      "confusion_matrix": [
        [
          857,
          657
        ],
        [
          47,
          496
        ]
      ]
    }
  },
  "rebuilt": {
    "feature_names": [
      "tenure",
      "InternetService_enc",
      "Is_Electronic_check"
    ],
    "feature_description": "tenure + InternetService_enc + Is_Electronic_check",
    "means": [
      33.166736140058354,
      1.2378074197582325,
      0.3311796581909129
    ],
    "scales": [
      24.323059332994525,
      0.7706665929639092,
      0.4706375380178073
    ],
    "coef": [
      -1.0283255048796824,
      0.8973286006083914,
      0.3069817733068087
    ],
    "intercept": -0.4431769321874395,
    "thresholds": {
      "low": 0.0,
      "low_mid": 0.30000000000000004,
      "high_mid": 0.55,
      "high": 0.7000000000000001
    },
    "metrics": {
      "auc": 0.8345296569038879,
      "accuracy": 0.6543509965969859,
      "precision": 0.425531914893617,
      "recall": 0.8839779005524862,
      "f1": 0.5745062836624776,
      "tpr": 0.8839779005524862,
      "fpr": 0.42800528401585203,
      "confusion_matrix": [
        [
          866,
          648
        ],
        [
          63,
          480
        ]
      ]
    }
  }
}